{
    "name": "root",
    "gauges": {
        "AgentMazeComplex.Policy.Entropy.mean": {
            "value": 0.003710004733875394,
            "min": 0.003710004733875394,
            "max": 1.2094311714172363,
            "count": 90
        },
        "AgentMazeComplex.Policy.Entropy.sum": {
            "value": 185.51507568359375,
            "min": 185.51507568359375,
            "max": 61085.94921875,
            "count": 90
        },
        "AgentMazeComplex.Environment.EpisodeLength.mean": {
            "value": 15.949474398101051,
            "min": 15.924873096446701,
            "max": 21.53922452660054,
            "count": 90
        },
        "AgentMazeComplex.Environment.EpisodeLength.sum": {
            "value": 47035.0,
            "min": 47019.0,
            "max": 47774.0,
            "count": 90
        },
        "AgentMazeComplex.Step.mean": {
            "value": 4999995.0,
            "min": 549998.0,
            "max": 4999995.0,
            "count": 90
        },
        "AgentMazeComplex.Step.sum": {
            "value": 4999995.0,
            "min": 549998.0,
            "max": 4999995.0,
            "count": 90
        },
        "AgentMazeComplex.Policy.ExtrinsicValueEstimate.mean": {
            "value": 24.388601303100586,
            "min": 14.412198066711426,
            "max": 24.40288734436035,
            "count": 90
        },
        "AgentMazeComplex.Policy.ExtrinsicValueEstimate.sum": {
            "value": 71921.984375,
            "min": 34211.79296875,
            "max": 72044.1953125,
            "count": 90
        },
        "AgentMazeComplex.Environment.CumulativeReward.mean": {
            "value": 39.172298615728245,
            "min": 21.202955051917503,
            "max": 39.18245064438058,
            "count": 90
        },
        "AgentMazeComplex.Environment.CumulativeReward.sum": {
            "value": 115519.1086177826,
            "min": 51247.5423604846,
            "max": 115547.35859107971,
            "count": 90
        },
        "AgentMazeComplex.Policy.ExtrinsicReward.mean": {
            "value": 39.172298615728245,
            "min": 21.202955051917503,
            "max": 39.18245064438058,
            "count": 90
        },
        "AgentMazeComplex.Policy.ExtrinsicReward.sum": {
            "value": 115519.1086177826,
            "min": 51247.5423604846,
            "max": 115547.35859107971,
            "count": 90
        },
        "AgentMazeComplex.Losses.PolicyLoss.mean": {
            "value": 0.025674327252587927,
            "min": 0.019765540127797673,
            "max": 0.027375658778473734,
            "count": 90
        },
        "AgentMazeComplex.Losses.PolicyLoss.sum": {
            "value": 0.12837163626293963,
            "min": 0.08552721499775845,
            "max": 0.13687829389236866,
            "count": 90
        },
        "AgentMazeComplex.Losses.ValueLoss.mean": {
            "value": 0.5104283530513445,
            "min": 0.28022783776124316,
            "max": 31.183319066365556,
            "count": 90
        },
        "AgentMazeComplex.Losses.ValueLoss.sum": {
            "value": 2.5521417652567226,
            "min": 1.401139188806216,
            "max": 155.91659533182778,
            "count": 90
        },
        "AgentMazeComplex.Policy.LearningRate.mean": {
            "value": 2.877399424540005e-06,
            "min": 2.877399424540005e-06,
            "max": 0.00044743341051331996,
            "count": 90
        },
        "AgentMazeComplex.Policy.LearningRate.sum": {
            "value": 1.4386997122700025e-05,
            "min": 1.4386997122700025e-05,
            "max": 0.00221409275718146,
            "count": 90
        },
        "AgentMazeComplex.Policy.Epsilon.mean": {
            "value": 0.10057545999999999,
            "min": 0.10057545999999999,
            "max": 0.18948668000000002,
            "count": 90
        },
        "AgentMazeComplex.Policy.Epsilon.sum": {
            "value": 0.5028773,
            "min": 0.4059917600000001,
            "max": 0.9428185399999999,
            "count": 90
        },
        "AgentMazeComplex.Policy.Beta.mean": {
            "value": 3.871545400000005e-05,
            "min": 3.871545400000005e-05,
            "max": 0.004475385332,
            "count": 90
        },
        "AgentMazeComplex.Policy.Beta.sum": {
            "value": 0.00019357727000000023,
            "min": 0.00019357727000000023,
            "max": 0.022146645145999996,
            "count": 90
        },
        "AgentMazeComplex.IsTraining.mean": {
            "value": 1.0,
            "min": 1.0,
            "max": 1.0,
            "count": 90
        },
        "AgentMazeComplex.IsTraining.sum": {
            "value": 1.0,
            "min": 1.0,
            "max": 1.0,
            "count": 90
        }
    },
    "metadata": {
        "timer_format_version": "0.1.0",
        "start_time_seconds": "1746292938",
        "python_version": "3.9.13 (main, Oct 13 2022, 21:23:06) [MSC v.1916 64 bit (AMD64)]",
        "command_line_arguments": "C:\\Users\\heros\\Anaconda3\\envs\\UnityML\\Scripts\\mlagents-learn results/MazeComplex/configuration.yaml --run-id=MazeComplex --resume",
        "mlagents_version": "0.30.0",
        "mlagents_envs_version": "0.30.0",
        "communication_protocol_version": "1.5.0",
        "pytorch_version": "2.6.0+cpu",
        "numpy_version": "1.21.2",
        "end_time_seconds": "1746296873"
    },
    "total": 3935.2814706000004,
    "count": 1,
    "self": 0.03414720000046145,
    "children": {
        "run_training.setup": {
            "total": 0.15130299999999997,
            "count": 1,
            "self": 0.15130299999999997
        },
        "TrainerController.start_learning": {
            "total": 3935.0960204,
            "count": 1,
            "self": 7.4844792000585585,
            "children": {
                "TrainerController._reset_env": {
                    "total": 9.2817238,
                    "count": 1,
                    "self": 9.2817238
                },
                "TrainerController.advance": {
                    "total": 3918.2746781999417,
                    "count": 264186,
                    "self": 6.050772099968526,
                    "children": {
                        "env_step": {
                            "total": 2586.697544899935,
                            "count": 264186,
                            "self": 2476.0264507999373,
                            "children": {
                                "SubprocessEnvManager._take_step": {
                                    "total": 106.15428299999499,
                                    "count": 264186,
                                    "self": 11.024753900006488,
                                    "children": {
                                        "TorchPolicy.evaluate": {
                                            "total": 95.1295290999885,
                                            "count": 125010,
                                            "self": 95.1295290999885
                                        }
                                    }
                                },
                                "workers": {
                                    "total": 4.516811100002888,
                                    "count": 264186,
                                    "self": 0.0,
                                    "children": {
                                        "worker_root": {
                                            "total": 3918.8186839999676,
                                            "count": 264186,
                                            "is_parallel": true,
                                            "self": 1847.9573161000876,
                                            "children": {
                                                "steps_from_proto": {
                                                    "total": 0.0008695999999996928,