{"count":1,"self":29.280230399999997,"total":113.5357777,"children":{"InitializeActuators":{"count":167,"self":0.0050269,"total":0.0050269,"children":null},"InitializeSensors":{"count":167,"self":0.0095845,"total":0.0095845,"children":null},"AgentSendState":{"count":36651,"self":4.9698628,"total":6.3227136,"children":{"CollectObservations":{"count":89033,"self":0.067815699999999993,"total":0.067815699999999993,"children":null},"WriteActionMask":{"count":89033,"self":0.0318718,"total":0.0318718,"children":null},"RequestDecision":{"count":89033,"self":0.1617703,"total":1.2531632,"children":{"AgentInfo.ToProto":{"count":89033,"self":0.16388029999999998,"total":1.0913929,"children":{"GenerateSensorData":{"count":89033,"self":0.691543,"total":0.92751259999999991,"children":{"RayPerceptionSensor.Perceive":{"count":89033,"self":0.2359696,"total":0.2359696,"children":null}}}}}}}}},"DecideAction":{"count":36651,"self":74.93107839999999,"total":74.9310785,"children":null},"AgentAct":{"count":36651,"self":2.9766024,"total":2.9766022999999997,"children":null},"AgentInfo.ToProto":{"count":162,"self":0.0009969,"total":0.010539999999999999,"children":{"GenerateSensorData":{"count":162,"self":0.008538,"total":0.0095430999999999988,"children":{"RayPerceptionSensor.Perceive":{"count":162,"self":0.0010050999999999999,"total":0.0010050999999999999,"children":null}}}}}},"gauges":{},"metadata":{"timer_format_version":"0.1.0","start_time_seconds":"1747162147","unity_version":"2022.3.47f1","command_line_arguments":"C:\\Program Files\\Unity\\Hub\\Editor\\2022.3.47f1\\Editor\\Unity.exe -projectpath D:\\Unity Projects\\Ecosystem-MLAgents -useHub -hubIPC -cloudEnvironment production -licensingIpc LicenseClient-heros -hubSessionId 591f4712-d64f-44e2-86ef-7f68469393e1 -accessToken -O6OJlQNEfVbQOFTQu2PhuMJyGXjXXHyxmk-A08Hkp400cf","communication_protocol_version":"1.5.0","com.unity.ml-agents_version":"2.0.1","scene_name":"Test4-Environment","end_time_seconds":"1747162261"}}