{"count":1,"self":512.42885119999994,"total":1554.7498844,"children":{"InitializeActuators":{"count":1598,"self":0.0180785,"total":0.0180785,"children":null},"InitializeSensors":{"count":1598,"self":0.0201298,"total":0.0201298,"children":null},"AgentSendState":{"count":319542,"self":61.429113599999994,"total":80.825648399999992,"children":{"CollectObservations":{"count":1116100,"self":1.879522,"total":1.8795218999999999,"children":null},"WriteActionMask":{"count":1116100,"self":0.3755273,"total":0.3755273,"children":null},"RequestDecision":{"count":1116100,"self":2.0222236,"total":17.141486999999998,"children":{"AgentInfo.ToProto":{"count":1116100,"self":1.7706096,"total":15.119263499999999,"children":{"GenerateSensorData":{"count":1116100,"self":10.5996408,"total":13.3486538,"children":{"RayPerceptionSensor.Perceive":{"count":1116100,"self":2.7490132,"total":2.7490131,"children":null}}}}}}}}},"DecideAction":{"count":319542,"self":926.42990079999993,"total":926.42986179999991,"children":null},"AgentAct":{"count":319542,"self":34.9832416,"total":34.9832427,"children":null},"AgentInfo.ToProto":{"count":1573,"self":0.0103575,"total":0.0440794,"children":{"GenerateSensorData":{"count":1573,"self":0.024166,"total":0.0337219,"children":{"RayPerceptionSensor.Perceive":{"count":1573,"self":0.0095558999999999991,"total":0.0095558999999999991,"children":null}}}}}},"gauges":{},"metadata":{"timer_format_version":"0.1.0","start_time_seconds":"1747942141","unity_version":"2022.3.47f1","command_line_arguments":"C:\\Program Files\\Unity\\Hub\\Editor\\2022.3.47f1\\Editor\\Unity.exe -projectpath D:\\Unity Projects\\Ecosystem-MLAgents -useHub -hubIPC -cloudEnvironment production -licensingIpc LicenseClient-heros -hubSessionId 888dd475-3bbe-474e-b5e0-3176c840e53d -accessToken eRlDC7fMNl3VKmjqXC2uHFv6_bbK8R94NxH-iY0KJ5Y00cf","communication_protocol_version":"1.5.0","com.unity.ml-agents_version":"2.0.1","scene_name":"Test4-Environment","end_time_seconds":"1747943696"}}