{"count":1,"self":211.827328,"total":732.1242393,"children":{"InitializeActuators":{"count":973,"self":0.012016299999999999,"total":0.012016299999999999,"children":null},"InitializeSensors":{"count":973,"self":0.018587199999999998,"total":0.018587199999999998,"children":null},"AgentSendState":{"count":155667,"self":34.478707199999995,"total":44.6361302,"children":{"CollectObservations":{"count":441290,"self":0.40955729999999996,"total":0.40955729999999996,"children":null},"WriteActionMask":{"count":441290,"self":0.2289117,"total":0.2289117,"children":null},"RequestDecision":{"count":441290,"self":1.2634575,"total":9.5189541,"children":{"AgentInfo.ToProto":{"count":441290,"self":1.0802258999999999,"total":8.255496599999999,"children":{"GenerateSensorData":{"count":441290,"self":5.5841503999999995,"total":7.1752706999999996,"children":{"RayPerceptionSensor.Perceive":{"count":441290,"self":1.5911202999999998,"total":1.5911202999999998,"children":null}}}}}}}}},"DecideAction":{"count":155667,"self":452.0207872,"total":452.02076409999995,"children":null},"AgentAct":{"count":155667,"self":23.5836304,"total":23.583631,"children":null},"AgentInfo.ToProto":{"count":970,"self":0.0030114,"total":0.024787899999999998,"children":{"GenerateSensorData":{"count":970,"self":0.0150388,"total":0.0217765,"children":{"RayPerceptionSensor.Perceive":{"count":970,"self":0.0067377,"total":0.0067377,"children":null}}}}}},"gauges":{},"metadata":{"timer_format_version":"0.1.0","start_time_seconds":"1747002793","unity_version":"2022.3.47f1","command_line_arguments":"C:\\Program Files\\Unity\\Hub\\Editor\\2022.3.47f1\\Editor\\Unity.exe -projectpath D:\\Unity Projects\\Ecosystem-MLAgents -useHub -hubIPC -cloudEnvironment production -licensingIpc LicenseClient-heros -hubSessionId 7945c41c-60c7-43f6-b7ea-53addbbee9ec -accessToken 3O9UwPJVG4S00mxFNhT-boAcrNeU9_HelQOGzUlhTQg00cf","communication_protocol_version":"1.5.0","com.unity.ml-agents_version":"2.0.1","scene_name":"Test4-Environment","end_time_seconds":"1747003525"}}