{
    "name": "root",
    "gauges": {
        "PreyAgent.Policy.Entropy.mean": {
            "value": 1.4772170782089233,
            "min": 1.4721966981887817,
            "max": 1.480942964553833,
            "count": 24
        },
        "PreyAgent.Policy.Entropy.sum": {
            "value": 37097.3515625,
            "min": 13830.2900390625,
            "max": 40432.58203125,
            "count": 24
        },
        "PreyAgent.Environment.Alive.mean": {
            "value": 14.0,
            "min": 1.0,
            "max": 19.0,
            "count": 24
        },
        "PreyAgent.Environment.Alive.sum": {
            "value": 14.0,
            "min": 1.0,
            "max": 19.0,
            "count": 24
        },
        "PreyAgent.Population.MeanAge.mean": {
            "value": 11.360071182250977,
            "min": 7.0799946784973145,
            "max": 27.620441436767578,
            "count": 24
        },
        "PreyAgent.Population.MeanAge.sum": {
            "value": 11.360071182250977,
            "min": 7.0799946784973145,
            "max": 27.620441436767578,
            "count": 24
        },
        "PreyAgent.Environment.EpisodeLength.mean": {
            "value": 152.8641975308642,
            "min": 152.06832298136646,
            "max": 177.96350364963504,
            "count": 24
        },
        "PreyAgent.Environment.EpisodeLength.sum": {
            "value": 24764.0,
            "min": 7800.0,
            "max": 26260.0,
            "count": 24
        },
        "PreyAgent.Step.mean": {
            "value": 1524891.0,
            "min": 949915.0,
            "max": 1524891.0,
            "count": 24
        },
        "PreyAgent.Step.sum": {
            "value": 1524891.0,
            "min": 949915.0,
            "max": 1524891.0,
            "count": 24
        },
        "PreyAgent.Policy.ExtrinsicValueEstimate.mean": {
            "value": 1.839743971824646,
            "min": 1.7489794492721558,
            "max": 1.9074534177780151,
            "count": 24
        },
        "PreyAgent.Policy.ExtrinsicValueEstimate.sum": {
            "value": 494.89111328125,
            "min": 162.44650268554688,
            "max": 514.8488159179688,
            "count": 24
        },
        "PreyAgent.Environment.CumulativeReward.mean": {
            "value": 5.879521186796702,
            "min": 5.694723929909135,
            "max": 5.976532009279289,
            "count": 24
        },
        "PreyAgent.Environment.CumulativeReward.sum": {
            "value": 952.4824322610657,
            "min": 273.3467486356385,
            "max": 952.4824322610657,
            "count": 24
        },
        "PreyAgent.Policy.ExtrinsicReward.mean": {
            "value": 5.879521186796702,
            "min": 5.694723929909135,
            "max": 5.976532009279289,
            "count": 24
        },
        "PreyAgent.Policy.ExtrinsicReward.sum": {
            "value": 952.4824322610657,
            "min": 273.3467486356385,
            "max": 952.4824322610657,
            "count": 24
        },
        "PreyAgent.IsTraining.mean": {
            "value": 1.0,
            "min": 1.0,
            "max": 1.0,
            "count": 24
        },
        "PreyAgent.IsTraining.sum": {
            "value": 1.0,
            "min": 1.0,
            "max": 1.0,
            "count": 24
        },
        "PreyAgent.Losses.PolicyLoss.mean": {
            "value": 0.018109197417895,
            "min": 0.010982425879228685,
            "max": 0.021867181026997664,
            "count": 23
        },
        "PreyAgent.Losses.PolicyLoss.sum": {
            "value": 0.018109197417895,
            "min": 0.010982425879228685,
            "max": 0.035618791820767604,
            "count": 23
        },
        "PreyAgent.Losses.ValueLoss.mean": {
            "value": 0.2566251739859581,
            "min": 0.24083467970291775,
            "max": 0.29605472683906553,
            "count": 23
        },
        "PreyAgent.Losses.ValueLoss.sum": {
            "value": 0.2566251739859581,
            "min": 0.24083467970291775,
            "max": 0.5214768628279367,
            "count": 23
        },
        "PreyAgent.Policy.LearningRate.mean": {
            "value": 0.0002990968641010453,
            "min": 0.0002990968641010453,
            "max": 0.00029942291119236297,
            "count": 23
        },
        "PreyAgent.Policy.LearningRate.sum": {
            "value": 0.0002990968641010453,
            "min": 0.0002990968641010453,
            "max": 0.0005987840650053117,
            "count": 23
        },
        "PreyAgent.Policy.Epsilon.mean": {
            "value": 0.19969895459999995,
            "min": 0.19969895459999995,
            "max": 0.19980763700000004,
            "count": 23
        },
        "PreyAgent.Policy.Epsilon.sum": {
            "value": 0.19969895459999995,
            "min": 0.19969895459999995,
            "max": 0.3995946882,
            "count": 23
        },
        "PreyAgent.Policy.Beta.mean": {
            "value": 0.0049849778345399985,
            "min": 0.0049849778345399985,
            "max": 0.0049904010863,
            "count": 23
        },
        "PreyAgent.Policy.Beta.sum": {
            "value": 0.0049849778345399985,
            "min": 0.0049849778345399985,
            "max": 0.009979774941179999,
            "count": 23
        }
    },
    "metadata": {
        "timer_format_version": "0.1.0",
        "start_time_seconds": "1746996920",
        "python_version": "3.9.13 (main, Oct 13 2022, 21:23:06) [MSC v.1916 64 bit (AMD64)]",
        "command_line_arguments": "C:\\Users\\heros\\Anaconda3\\envs\\UnityML\\Scripts\\mlagents-learn results/Prey001/configuration.yaml --run-id=Prey001 --resume",
        "mlagents_version": "0.30.0",
        "mlagents_envs_version": "0.30.0",
        "communication_protocol_version": "1.5.0",
        "pytorch_version": "2.6.0+cpu",
        "numpy_version": "1.21.2",
        "end_time_seconds": "1746998368"
    },
    "total": 1447.4288121,
    "count": 1,
    "self": 0.005414599999767233,
    "children": {
        "run_training.setup": {
            "total": 0.2705643999999996,
            "count": 1,
            "self": 0.2705643999999996
        },
        "TrainerController.start_learning": {
            "total": 1447.1528331000002,
            "count": 1,
            "self": 2.189048200021034,
            "children": {
                "TrainerController._reset_env": {
                    "total": 12.6859808,
                    "count": 1,
                    "self": 12.6859808
                },
                "TrainerController.advance": {
                    "total": 1432.199538999979,
                    "count": 75305,
                    "self": 1.9180248999634841,
                    "children": {
                        "env_step": {
                            "total": 1240.1416986000036,
                            "count": 75305,
                            "self": 1110.9432992999832,
                            "children": {
                                "SubprocessEnvManager._take_step": {
                                    "total": 127.62469730002374,
                                    "count": 75309,
                                    "self": 5.085530600022139,
                                    "children": {
                                        "TorchPolicy.evaluate": {
                                            "total": 122.5391667000016,
                                            "count": 72504,
                                            "self": 122.5391667000016
                                        }
                                    }
                                },
                                "workers": {
                                    "total": 1.5737019999967323,
                                    "count": 75304,
                                    "self": 0.0,